compound,properties.molecular_weight.value,properties.molecular_weight.unit,properties.molecular_weight.pass_flag,properties.logP.value,properties.logP.unit,properties.logP.pass_flag,properties.hydrogen_bond_acceptors.value,properties.hydrogen_bond_acceptors.unit,properties.hydrogen_bond_acceptors.pass_flag,properties.hydrogen_bond_donors.value,properties.hydrogen_bond_donors.unit,properties.hydrogen_bond_donors.pass_flag,properties.Lipinski.value,properties.Lipinski.unit,properties.Lipinski.pass_flag,properties.QED.value,properties.QED.unit,properties.QED.pass_flag,properties.stereo_centers.value,properties.stereo_centers.unit,properties.stereo_centers.pass_flag,properties.tpsa.value,properties.tpsa.unit,properties.tpsa.pass_flag,properties.AMES.value,properties.AMES.unit,properties.AMES.pass_flag,properties.BBB_Martins.value,properties.BBB_Martins.unit,properties.BBB_Martins.pass_flag,properties.Bioavailability_Ma.value,properties.Bioavailability_Ma.unit,properties.Bioavailability_Ma.pass_flag,properties.CYP1A2_Veith.value,properties.CYP1A2_Veith.unit,properties.CYP1A2_Veith.pass_flag,properties.CYP2C19_Veith.value,properties.CYP2C19_Veith.unit,properties.CYP2C19_Veith.pass_flag,properties.CYP2C9_Substrate_CarbonMangels.value,properties.CYP2C9_Substrate_CarbonMangels.unit,properties.CYP2C9_Substrate_CarbonMangels.pass_flag,properties.CYP2C9_Veith.value,properties.CYP2C9_Veith.unit,properties.CYP2C9_Veith.pass_flag,properties.CYP2D6_Substrate_CarbonMangels.value,properties.CYP2D6_Substrate_CarbonMangels.unit,properties.CYP2D6_Substrate_CarbonMangels.pass_flag,properties.CYP2D6_Veith.value,properties.CYP2D6_Veith.unit,properties.CYP2D6_Veith.pass_flag,properties.CYP3A4_Substrate_CarbonMangels.value,properties.CYP3A4_Substrate_CarbonMangels.unit,properties.CYP3A4_Substrate_CarbonMangels.pass_flag,properties.CYP3A4_Veith.value,properties.CYP3A4_Veith.unit,properties.CYP3A4_Veith.pass_flag,properties.Carcinogens_Lagunin.value,properties.Carcinogens_Lagunin.unit,properties.Carcinogens_Lagunin.pass_flag,properties.ClinTox.value,properties.ClinTox.unit,properties.ClinTox.pass_flag,properties.DILI.value,properties.DILI.unit,properties.DILI.pass_flag,properties.HIA_Hou.value,properties.HIA_Hou.unit,properties.HIA_Hou.pass_flag,properties.NR-AR-LBD.value,properties.NR-AR-LBD.unit,properties.NR-AR-LBD.pass_flag,properties.NR-AR.value,properties.NR-AR.unit,properties.NR-AR.pass_flag,properties.NR-AhR.value,properties.NR-AhR.unit,properties.NR-AhR.pass_flag,properties.NR-Aromatase.value,properties.NR-Aromatase.unit,properties.NR-Aromatase.pass_flag,properties.NR-ER-LBD.value,properties.NR-ER-LBD.unit,properties.NR-ER-LBD.pass_flag,properties.NR-ER.value,properties.NR-ER.unit,properties.NR-ER.pass_flag,properties.NR-PPAR-gamma.value,properties.NR-PPAR-gamma.unit,properties.NR-PPAR-gamma.pass_flag,properties.PAMPA_NCATS.value,properties.PAMPA_NCATS.unit,properties.PAMPA_NCATS.pass_flag,properties.Pgp_Broccatelli.value,properties.Pgp_Broccatelli.unit,properties.Pgp_Broccatelli.pass_flag,properties.SR-ARE.value,properties.SR-ARE.unit,properties.SR-ARE.pass_flag,properties.SR-ATAD5.value,properties.SR-ATAD5.unit,properties.SR-ATAD5.pass_flag,properties.SR-HSE.value,properties.SR-HSE.unit,properties.SR-HSE.pass_flag,properties.SR-MMP.value,properties.SR-MMP.unit,properties.SR-MMP.pass_flag,properties.SR-p53.value,properties.SR-p53.unit,properties.SR-p53.pass_flag,properties.Skin_Reaction.value,properties.Skin_Reaction.unit,properties.Skin_Reaction.pass_flag,properties.hERG.value,properties.hERG.unit,properties.hERG.pass_flag,properties.Caco2_Wang.value,properties.Caco2_Wang.unit,properties.Caco2_Wang.pass_flag,properties.Clearance_Hepatocyte_AZ.value,properties.Clearance_Hepatocyte_AZ.unit,properties.Clearance_Hepatocyte_AZ.pass_flag,properties.Clearance_Microsome_AZ.value,properties.Clearance_Microsome_AZ.unit,properties.Clearance_Microsome_AZ.pass_flag,properties.Half_Life_Obach.value,properties.Half_Life_Obach.unit,properties.Half_Life_Obach.pass_flag,properties.HydrationFreeEnergy_FreeSolv.value,properties.HydrationFreeEnergy_FreeSolv.unit,properties.HydrationFreeEnergy_FreeSolv.pass_flag,properties.LD50_Zhu.value,properties.LD50_Zhu.unit,properties.LD50_Zhu.pass_flag,properties.Lipophilicity_AstraZeneca.value,properties.Lipophilicity_AstraZeneca.unit,properties.Lipophilicity_AstraZeneca.pass_flag,properties.PPBR_AZ.value,properties.PPBR_AZ.unit,properties.PPBR_AZ.pass_flag,properties.Solubility_AqSolDB.value,properties.Solubility_AqSolDB.unit,properties.Solubility_AqSolDB.pass_flag,properties.VDss_Lombardo.value,properties.VDss_Lombardo.unit,properties.VDss_Lombardo.pass_flag,properties.molecular_weight_drugbank_approved_percentile.value,properties.molecular_weight_drugbank_approved_percentile.unit,properties.molecular_weight_drugbank_approved_percentile.pass_flag,properties.logP_drugbank_approved_percentile.value,properties.logP_drugbank_approved_percentile.unit,properties.logP_drugbank_approved_percentile.pass_flag,properties.hydrogen_bond_acceptors_drugbank_approved_percentile.value,properties.hydrogen_bond_acceptors_drugbank_approved_percentile.unit,properties.hydrogen_bond_acceptors_drugbank_approved_percentile.pass_flag,properties.hydrogen_bond_donors_drugbank_approved_percentile.value,properties.hydrogen_bond_donors_drugbank_approved_percentile.unit,properties.hydrogen_bond_donors_drugbank_approved_percentile.pass_flag,properties.Lipinski_drugbank_approved_percentile.value,properties.Lipinski_drugbank_approved_percentile.unit,properties.Lipinski_drugbank_approved_percentile.pass_flag,properties.QED_drugbank_approved_percentile.value,properties.QED_drugbank_approved_percentile.unit,properties.QED_drugbank_approved_percentile.pass_flag,properties.stereo_centers_drugbank_approved_percentile.value,properties.stereo_centers_drugbank_approved_percentile.unit,properties.stereo_centers_drugbank_approved_percentile.pass_flag,properties.tpsa_drugbank_approved_percentile.value,properties.tpsa_drugbank_approved_percentile.unit,properties.tpsa_drugbank_approved_percentile.pass_flag,properties.AMES_drugbank_approved_percentile.value,properties.AMES_drugbank_approved_percentile.unit,properties.AMES_drugbank_approved_percentile.pass_flag,properties.BBB_Martins_drugbank_approved_percentile.value,properties.BBB_Martins_drugbank_approved_percentile.unit,properties.BBB_Martins_drugbank_approved_percentile.pass_flag,properties.Bioavailability_Ma_drugbank_approved_percentile.value,properties.Bioavailability_Ma_drugbank_approved_percentile.unit,properties.Bioavailability_Ma_drugbank_approved_percentile.pass_flag,properties.CYP1A2_Veith_drugbank_approved_percentile.value,properties.CYP1A2_Veith_drugbank_approved_percentile.unit,properties.CYP1A2_Veith_drugbank_approved_percentile.pass_flag,properties.CYP2C19_Veith_drugbank_approved_percentile.value,properties.CYP2C19_Veith_drugbank_approved_percentile.unit,properties.CYP2C19_Veith_drugbank_approved_percentile.pass_flag,properties.CYP2C9_Substrate_CarbonMangels_drugbank_approved_percentile.value,properties.CYP2C9_Substrate_CarbonMangels_drugbank_approved_percentile.unit,properties.CYP2C9_Substrate_CarbonMangels_drugbank_approved_percentile.pass_flag,properties.CYP2C9_Veith_drugbank_approved_percentile.value,properties.CYP2C9_Veith_drugbank_approved_percentile.unit,properties.CYP2C9_Veith_drugbank_approved_percentile.pass_flag,properties.CYP2D6_Substrate_CarbonMangels_drugbank_approved_percentile.value,properties.CYP2D6_Substrate_CarbonMangels_drugbank_approved_percentile.unit,properties.CYP2D6_Substrate_CarbonMangels_drugbank_approved_percentile.pass_flag,properties.CYP2D6_Veith_drugbank_approved_percentile.value,properties.CYP2D6_Veith_drugbank_approved_percentile.unit,properties.CYP2D6_Veith_drugbank_approved_percentile.pass_flag,properties.CYP3A4_Substrate_CarbonMangels_drugbank_approved_percentile.value,properties.CYP3A4_Substrate_CarbonMangels_drugbank_approved_percentile.unit,properties.CYP3A4_Substrate_CarbonMangels_drugbank_approved_percentile.pass_flag,properties.CYP3A4_Veith_drugbank_approved_percentile.value,properties.CYP3A4_Veith_drugbank_approved_percentile.unit,properties.CYP3A4_Veith_drugbank_approved_percentile.pass_flag,properties.Carcinogens_Lagunin_drugbank_approved_percentile.value,properties.Carcinogens_Lagunin_drugbank_approved_percentile.unit,properties.Carcinogens_Lagunin_drugbank_approved_percentile.pass_flag,properties.ClinTox_drugbank_approved_percentile.value,properties.ClinTox_drugbank_approved_percentile.unit,properties.ClinTox_drugbank_approved_percentile.pass_flag,properties.DILI_drugbank_approved_percentile.value,properties.DILI_drugbank_approved_percentile.unit,properties.DILI_drugbank_approved_percentile.pass_flag,properties.HIA_Hou_drugbank_approved_percentile.value,properties.HIA_Hou_drugbank_approved_percentile.unit,properties.HIA_Hou_drugbank_approved_percentile.pass_flag,properties.NR-AR-LBD_drugbank_approved_percentile.value,properties.NR-AR-LBD_drugbank_approved_percentile.unit,properties.NR-AR-LBD_drugbank_approved_percentile.pass_flag,properties.NR-AR_drugbank_approved_percentile.value,properties.NR-AR_drugbank_approved_percentile.unit,properties.NR-AR_drugbank_approved_percentile.pass_flag,properties.NR-AhR_drugbank_approved_percentile.value,properties.NR-AhR_drugbank_approved_percentile.unit,properties.NR-AhR_drugbank_approved_percentile.pass_flag,properties.NR-Aromatase_drugbank_approved_percentile.value,properties.NR-Aromatase_drugbank_approved_percentile.unit,properties.NR-Aromatase_drugbank_approved_percentile.pass_flag,properties.NR-ER-LBD_drugbank_approved_percentile.value,properties.NR-ER-LBD_drugbank_approved_percentile.unit,properties.NR-ER-LBD_drugbank_approved_percentile.pass_flag,properties.NR-ER_drugbank_approved_percentile.value,properties.NR-ER_drugbank_approved_percentile.unit,properties.NR-ER_drugbank_approved_percentile.pass_flag,properties.NR-PPAR-gamma_drugbank_approved_percentile.value,properties.NR-PPAR-gamma_drugbank_approved_percentile.unit,properties.NR-PPAR-gamma_drugbank_approved_percentile.pass_flag,properties.PAMPA_NCATS_drugbank_approved_percentile.value,properties.PAMPA_NCATS_drugbank_approved_percentile.unit,properties.PAMPA_NCATS_drugbank_approved_percentile.pass_flag,properties.Pgp_Broccatelli_drugbank_approved_percentile.value,properties.Pgp_Broccatelli_drugbank_approved_percentile.unit,properties.Pgp_Broccatelli_drugbank_approved_percentile.pass_flag,properties.SR-ARE_drugbank_approved_percentile.value,properties.SR-ARE_drugbank_approved_percentile.unit,properties.SR-ARE_drugbank_approved_percentile.pass_flag,properties.SR-ATAD5_drugbank_approved_percentile.value,properties.SR-ATAD5_drugbank_approved_percentile.unit,properties.SR-ATAD5_drugbank_approved_percentile.pass_flag,properties.SR-HSE_drugbank_approved_percentile.value,properties.SR-HSE_drugbank_approved_percentile.unit,properties.SR-HSE_drugbank_approved_percentile.pass_flag,properties.SR-MMP_drugbank_approved_percentile.value,properties.SR-MMP_drugbank_approved_percentile.unit,properties.SR-MMP_drugbank_approved_percentile.pass_flag,properties.SR-p53_drugbank_approved_percentile.value,properties.SR-p53_drugbank_approved_percentile.unit,properties.SR-p53_drugbank_approved_percentile.pass_flag,properties.Skin_Reaction_drugbank_approved_percentile.value,properties.Skin_Reaction_drugbank_approved_percentile.unit,properties.Skin_Reaction_drugbank_approved_percentile.pass_flag,properties.hERG_drugbank_approved_percentile.value,properties.hERG_drugbank_approved_percentile.unit,properties.hERG_drugbank_approved_percentile.pass_flag,properties.Caco2_Wang_drugbank_approved_percentile.value,properties.Caco2_Wang_drugbank_approved_percentile.unit,properties.Caco2_Wang_drugbank_approved_percentile.pass_flag,properties.Clearance_Hepatocyte_AZ_drugbank_approved_percentile.value,properties.Clearance_Hepatocyte_AZ_drugbank_approved_percentile.unit,properties.Clearance_Hepatocyte_AZ_drugbank_approved_percentile.pass_flag,properties.Clearance_Microsome_AZ_drugbank_approved_percentile.value,properties.Clearance_Microsome_AZ_drugbank_approved_percentile.unit,properties.Clearance_Microsome_AZ_drugbank_approved_percentile.pass_flag,properties.Half_Life_Obach_drugbank_approved_percentile.value,properties.Half_Life_Obach_drugbank_approved_percentile.unit,properties.Half_Life_Obach_drugbank_approved_percentile.pass_flag,properties.HydrationFreeEnergy_FreeSolv_drugbank_approved_percentile.value,properties.HydrationFreeEnergy_FreeSolv_drugbank_approved_percentile.unit,properties.HydrationFreeEnergy_FreeSolv_drugbank_approved_percentile.pass_flag,properties.LD50_Zhu_drugbank_approved_percentile.value,properties.LD50_Zhu_drugbank_approved_percentile.unit,properties.LD50_Zhu_drugbank_approved_percentile.pass_flag,properties.Lipophilicity_AstraZeneca_drugbank_approved_percentile.value,properties.Lipophilicity_AstraZeneca_drugbank_approved_percentile.unit,properties.Lipophilicity_AstraZeneca_drugbank_approved_percentile.pass_flag,properties.PPBR_AZ_drugbank_approved_percentile.value,properties.PPBR_AZ_drugbank_approved_percentile.unit,properties.PPBR_AZ_drugbank_approved_percentile.pass_flag,properties.Solubility_AqSolDB_drugbank_approved_percentile.value,properties.Solubility_AqSolDB_drugbank_approved_percentile.unit,properties.Solubility_AqSolDB_drugbank_approved_percentile.pass_flag,properties.VDss_Lombardo_drugbank_approved_percentile.value,properties.VDss_Lombardo_drugbank_approved_percentile.unit,properties.VDss_Lombardo_drugbank_approved_percentile.pass_flag
COc1[nH]cc2c(=O)n(C3CCC(NC(C)C)C3)c3cnc(C)nc3c12,355.4420000000001,,,2.68142,,,6,,,2,,,4,,,0.7515323651378633,,,2,,,84.83,,,0.5075010359287262,,true,0.7928428888320923,,,0.9660948038101196,,,0.4575384587049484,,,0.07030209191143513,,,0.24389327466487884,,,0.054541969671845436,,,0.5693880796432496,,,0.15802300944924355,,,0.7755309343338013,,,0.5908177375793457,,,0.07036670148372651,,true,0.5202242076396942,,true,0.6596232771873474,,false,0.9997000932693482,,,0.012253786250948907,,,0.014586464501917362,,,0.34164750576019287,,,0.029356229491531848,,,0.02651028111577034,,,0.055473469011485574,,,0.002818351675523445,,,0.9426066994667053,,,0.075266981869936,,,0.043916980177164076,,true,0.05438266787678003,,true,0.014738337369635701,,,0.03399060275405645,,true,0.05037309508770704,,true,0.1676076427102089,,,0.7582365274429321,,false,-4.897123290982945,,,13.09460250741879,,,2.0632434337321803,,,10.647120263036092,,,-11.47339785348031,,,2.8114188131008495,,true,0.021747289764564394,,,62.26889756311376,,,-3.2170734645091073,,,5.5106400052516085,,,54.749903063202794,,,56.84373788290035,,,69.5036835982939,,,60.85692128732067,,,63.80379992245056,,,82.27995347033733,,,68.86390073671966,,,57.34780922838309,,,83.17177200465296,,,55.02132609538581,,,94.4552151996898,,,82.00853043815432,,,43.77665761923226,,,70.14346645986816,,,55.09887553315238,,,89.18185343156262,,,69.94959286545172,,,84.45133772780147,,,83.55951919348584,,,28.11167119038387,,,90.11244668476154,,,62.89259402869329,,,77.04536642109345,,,53.81930981000387,,,35.129895308259016,,,88.63900736719658,,,52.61729352462194,,,61.341605273361765,,,30.16673129119814,,,40.635905389685924,,,77.35556417215975,,,47.80922838309422,,,28.227995347033733,,,81.15548662272198,,,51.182628925940286,,,49.12756882512602,,,65.18030244280729,,,16.169057774331137,,,75.72702597906165,,,55.21519968980225,,,25.552539744086854,,,30.981000387747187,,,55.09887553315238,,,31.95036835982939,,,68.67002714230321,,,26.832105467235362,,,33.57890655292749,,,46.452113222179136,,,77.54943776657619,,
Cc1c(CN2CCC3(CCNCC3)CC2)cc(CCC(=O)O)c(O)c1C,360.4980000000001,,,2.9918400000000007,,,4,,,3,,,4,,,0.752803546446202,,,0,,,72.80000000000001,,,0.014119431562721729,,true,0.5772672712802887,,,0.5869225978851318,,,0.003014355932828039,,,0.002106057706987485,,,0.09255137890577317,,,0.0012001810828223825,,,0.5189380496740341,,,0.21249125376343728,,,0.5613595187664032,,,0.0005691699800081552,,,0.018728572688996793,,true,0.15467923022806646,,true,0.024916175194084643,,true,0.6923783302307129,,,0.0030606728862039743,,,0.0254494521766901,,,0.006886510271579027,,,0.0007091362960636616,,,0.020251838210970163,,,0.22105700075626372,,,0.0010197638577665203,,,0.14187099188566207,,,0.011176751274615527,,,0.012712388765066862,,true,0.0003634993059677072,,true,0.002731013111770153,,,0.0012304161762585863,,true,0.0012256157177034765,,true,0.4837183117866516,,,0.3950207084417343,,true,-5.9550926878927575,,,-6.925900409844006,,,-32.53077333963442,,,-2.479909695486274,,,-10.015191461523923,,,2.5864328606560245,,true,-1.2545546957132951,,,38.69392186199154,,,-1.9264682905021537,,,-7.7368457058576805,,,56.068243505234584,,,61.806901899961225,,,46.47150058162078,,,77.25862737495153,,,63.80379992245056,,,82.59015122140364,,,22.489336952307095,,,48.04187669639395,,,5.118262892594029,,,35.866614967041485,,,24.62194649088794,,,20.434276851492825,,,4.6917409848778595,,,33.501357115160914,,,9.965102753005041,,,86.9716944552152,,,74.40868553702985,,,56.84373788290035,,,15.122140364482357,,,8.1426909654905,,,60.95385808452889,,,6.630476929042264,,,20.666925164792556,,,23.109732454439705,,,52.268321054672356,,,30.12795657231485,,,13.067080263668089,,,53.7417603722373,,,82.51260178363707,,,26.09538580845289,,,16.750678557580457,,,24.156649864288482,,,12.136487010469175,,,14.075222954633578,,,20.666925164792556,,,14.269096549050019,,,14.075222954633578,,,56.26211709965103,,,58.20085304381543,,,13.067080263668089,,,11.050794881737108,,,2.791779759596743,,,31.98914307871268,,,46.06436603334626,,,54.168282279953466,,,10.624272974020938,,,13.454827452500968,,,70.49243892981775,,,3.1407522295463357,,
Cc1nc2cc(-c3nnn(CC4CCC(N)CC4)c3C3CC3)ccc2[nH]1,350.47,,,3.524720000000002,,,5,,,2,,,4,,,0.7536459598713623,,,0,,,85.41,,,0.6389374256134033,,false,0.7894500136375427,,,0.9363043665885925,,,0.181549309194088,,,0.15918589979410172,,,0.20246799290180206,,,0.08099133148789406,,,0.4773818075656891,,,0.4676090210676193,,,0.7745990633964539,,,0.48092980980873107,,,0.18170534074306488,,true,0.4988302648067474,,true,0.29479100108146666,,true,0.9995803833007812,,,0.0071871060412377116,,,0.018613133858889342,,,0.30359582006931307,,,0.0770055502653122,,,0.053559481352567676,,,0.14907295778393745,,,0.004737568111158908,,,0.7978928446769714,,,0.3243794023990631,,,0.09475107640028,,true,0.043708202056586744,,true,0.09192784801125527,,,0.079849598929286,,true,0.048790935054421426,,true,0.30422976016998293,,,0.7751558899879456,,false,-5.551816797311599,,,-30.537766978764193,,,-30.65797775289994,,,-27.411966227653306,,,-10.141336011376032,,,2.772610226296348,,true,1.700078852041934,,,77.13886646109887,,,-2.916084541546808,,,3.9277436862375668,,,53.664210934470724,,,70.06591702210159,,,59.1120589375727,,,60.85692128732067,,,63.80379992245056,,,82.62892594028693,,,22.489336952307095,,,57.696781698332686,,,89.64715005816208,,,54.672353625436216,,,84.9941837921675,,,68.86390073671966,,,57.89065529274912,,,62.85381930981,,,62.07832493214424,,,84.72276075998448,,,84.91663435440093,,,84.29623885226832,,,79.25552539744086,,,55.292749127568825,,,88.75533152384645,,,39.66653741760372,,,74.44746025591314,,,39.937960449786736,,,42.61341605273362,,,87.12679333074836,,,68.59247770453663,,,78.51880573865839,,,70.6863125242342,,,49.70918960837534,,,54.051958123303606,,,67.62310973245444,,,42.76851492826677,,,78.8290034897247,,,83.86971694455215,,,60.721209771229155,,,64.55990694067468,,,35.71151609150834,,,76.73516867002714,,,21.79139201240791,,,3.8774718883288095,,,3.3734005428460643,,,4.381543233811555,,,44.90112446684761,,,65.99457153935634,,,54.36215587436991,,,52.57851880573865,,,52.50096936797208,,,67.58433501357115,,
O=c1ccc2cc(S(=O)(=O)NCCc3ccccc3)ccc2[nH]1,328.39300000000003,,,2.0490999999999997,,,3,,,2,,,4,,,0.7521783799404254,,,0,,,79.03,,,0.047283260896801946,,true,0.7017282128334046,,,0.8171113014221192,,,0.5113609910011292,,,0.6817201972007751,,,0.5981522083282471,,,0.5970361351966857,,,0.2511183723807335,,,0.22808854579925536,,,0.4925659835338593,,,0.4977354884147644,,,0.2659749940037727,,true,0.13813835233449936,,true,0.9209654688835144,,false,0.9985833168029785,,,0.06789592206478119,,,0.06648286916315556,,,0.23540666997432708,,,0.050219875574111936,,,0.03133767135441303,,,0.12696374207735062,,,0.02540411427617073,,,0.7682513356208801,,,0.13867329992353916,,,0.15406623631715774,,true,0.0325557317584753,,true,0.045634931325912474,,,0.39513170123100283,,true,0.05004938989877701,,true,0.2636571407318115,,,0.3994831621646881,,true,-5.1592649477316375,,,67.25346946241773,,,34.58316806849864,,,-20.99661992022935,,,-12.438378492678615,,,2.4618751449219163,,true,2.7075497247677816,,,98.72098523277256,,,-4.627520434318745,,,-5.845058094292904,,,48.73982163629314,,,46.37456378441256,,,31.17487398216363,,,60.85692128732067,,,63.80379992245056,,,82.43505234587049,,,22.489336952307095,,,52.966265994571536,,,18.99961225281117,,,46.490887941062425,,,53.70298565335401,,,83.17177200465296,,,90.5389685924777,,,96.7429236138038,,,92.59402869329197,,,70.72508724311749,,,75.41682822799534,,,50.601008142690965,,,79.95347033734005,,,68.0496316401706,,,58.20085304381543,,,84.21868941450174,,,62.15587436991082,,,87.74718883288097,,,80.1473439317565,,,84.10236525785187,,,60.87630864676231,,,65.72314850717332,,,65.18030244280729,,,74.99030632027917,,,51.221403644823575,,,55.48662272198526,,,54.672353625436216,,,75.02908103916246,,,73.36176812718108,,,81.58200853043815,,,65.02520356727413,,,30.55447848003102,,,58.43350135711516,,,39.20124079100427,,,75.30050407134549,,,65.68437378829003,,,7.638619620007755,,,24.89336952307096,,,45.288871655680495,,,74.13726250484683,,,88.9104303993796,,,19.930205506010083,,,6.281504459092671,,
O=c1[nH]c(-c2ccc(S(=O)(=O)Nc3ccc(F)cc3F)cc2)cs1,368.386,,,3.1824000000000012,,,4,,,2,,,4,,,0.7423252690893065,,,0,,,79.03,,,0.022792631387710573,,true,0.49623324871063235,,,0.949640440940857,,,0.4029688835144043,,,0.5606101512908935,,,0.7938904643058777,,,0.7043280482292176,,,0.14454058706760406,,,0.01945039173588157,,,0.30801425874233246,,,0.32034628093242645,,,0.6354614794254303,,false,0.13161988854408263,,true,0.9937426686286926,,false,0.997345232963562,,,0.02296378780156374,,,0.07815553694963455,,,0.050836163014173506,,,0.021015332639217378,,,0.005418111197650432,,,0.07138984575867653,,,0.03403717633336782,,,0.5238467037677765,,,0.17785452380776406,,,0.09194871336221695,,true,0.022782480344176292,,true,0.011509182304143906,,,0.3831514954566956,,true,0.03640800341963768,,true,0.1274404853582382,,,0.33401931524276735,,true,-4.819899615754252,,,25.660699385532162,,,-10.605479185622725,,,56.94057837474686,,,-11.748011471653816,,,2.619762042847929,,true,2.5403809121166416,,,105.33397041506346,,,-5.2591600678485,,,-6.718136952373305,,,57.81310585498255,,,64.52113222179139,,,46.47150058162078,,,60.85692128732067,,,63.80379992245056,,,81.0779371849554,,,22.489336952307095,,,52.966265994571536,,,9.034509499806127,,,30.476929042264445,,,89.5696006203955,,,80.18611865063978,,,86.23497479643272,,,99.49592865451726,,,94.88173710740597,,,58.00697944939899,,,34.27685149282668,,,32.570763861962,,,73.16789453276463,,,93.95114385420706,,,57.23148507173323,,,99.45715393563397,,,55.17642497091896,,,69.98836758433501,,,83.4044203179527,,,61.341605273361765,,,47.537805350911206,,,23.38115548662272,,,40.442031795269486,,,78.90655292749128,,,35.36254362155874,,,59.63551764249709,,,42.22566886390074,,,69.87204342768514,,,46.18069018999612,,,81.11671190383869,,,59.79061651803024,,,9.693679720822024,,,53.54788677782086,,,59.86816595579682,,,38.85226832105467,,,16.05273361768127,,,89.02675455602946,,,29.430011632415663,,,56.14579294300116,,,71.19038386971694,,,97.20822024040325,,,11.167119038386971,,,4.614191547111283,,
CCOc1ccc(CN(C)CC(=O)NCCc2cc(C)n[nH]2)cc1,330.432,,,1.907519999999999,,,4,,,2,,,4,,,0.73672164902088,,,0,,,70.25,,,0.07610774040222168,,true,0.5115132331848145,,,0.8958479881286621,,,0.20212692022323608,,,0.5811851263046265,,,0.2583133727312088,,,0.10201919227838516,,,0.42264246940612793,,,0.3170276641845703,,,0.7535922408103943,,,0.6078162968158722,,,0.22487822771072388,,true,0.26301068216562273,,true,0.24106314182281494,,true,0.9987043380737305,,,0.002986911660991609,,,0.006859869277104735,,,0.054188738204538824,,,0.010444018570706249,,,0.009344236506149173,,,0.04882476720958948,,,0.0032999319373629987,,,0.8687982439994812,,,0.05727196186780929,,,0.08669478595256805,,true,0.0028078207396902144,,true,0.0101354974322021,,,0.011345390696078539,,true,0.003761777956970036,,true,0.4577163755893707,,,0.38343029618263247,,true,-5.1507984989868785,,,40.33357604049887,,,41.622195520098515,,,2.0903908279416057,,,-12.195851685719527,,,2.4668868583750294,,true,0.9625022972675836,,,63.62242855385032,,,-1.9664290600493923,,,3.199250162261439,,,49.24389298177588,,,44.280728964715,,,46.47150058162078,,,60.85692128732067,,,63.80379992245056,,,80.22489336952307,,,22.489336952307095,,,46.529662659945714,,,27.336176812718108,,,31.601395889879797,,,71.88832880961613,,,69.94959286545172,,,87.08801861186507,,,72.08220240403257,,,65.8006979449399,,,81.96975571927103,,,79.21675067855757,,,81.19426134160527,,,83.94726638231873,,,62.65994571539356,,,73.24544397053121,,,35.98293912369135,,,62.81504459092672,,,22.644435827840248,,,17.913920124079098,,,62.427297402093835,,,38.46452113222179,,,34.31562621170996,,,25.707638619620006,,,43.23381155486623,,,61.845676618844514,,,44.82357502908104,,,40.67468010856921,,,36.56455990694067,,,43.77665761923226,,,35.09112058937573,,,25.126017836370686,,,53.664210934470724,,,57.58045754168282,,,39.58898797983714,,,54.051958123303606,,,72.15975184179915,,,40.98487785963552,,,26.444358278402483,,,45.48274525009693,,,41.52772392400155,,,35.36254362155874,,,69.94959286545172,,,62.27219852656068,,
C=C1CCC2C(C)(CO)C(O)CCC2(C)C1CCc1ccoc1O,334.456,,,3.6598000000000037,,,4,,,3,,,4,,,0.7347594300509059,,,5,,,73.83,,,0.07107030181214213,,true,0.8719594120979309,,,0.726242458820343,,,0.04872566496487707,,,0.3483295261859894,,,0.3713925421237946,,,0.1784757800400257,,,0.3508420452475548,,,0.332644359767437,,,0.8005192279815674,,,0.0973151644691825,,,0.10958606190979481,,true,0.09599970653653145,,true,0.060921498015522955,,true,0.9999154329299926,,,0.0088240971788764,,,0.046571192890405656,,,0.014714094437658786,,,0.04136953260749578,,,0.056029902398586275,,,0.23060933649539947,,,0.007999384636059403,,,0.8384706497192382,,,0.4342732399702072,,,0.13213839307427405,,true,0.0006191085820319131,,true,0.09970072731375694,,,0.2552743159234524,,true,0.007559627760201693,,true,0.40478235185146333,,,0.4963306486606598,,true,-4.574911636009254,,,51.923747849811164,,,28.93797006297559,,,13.245231711878924,,,-7.779907533506429,,,3.1415640742753164,,true,2.9967028432478053,,,99.67683861627279,,,-4.365346329649702,,,-2.848137682076966,,,50.21326095385808,,,72.27607599844902,,,46.47150058162078,,,77.25862737495153,,,63.80379992245056,,,79.7595967429236,,,83.96665374176037,,,48.66227219852656,,,26.211709965102752,,,63.784412563008914,,,39.89918573090345,,,51.803024428072895,,,75.8821248545948,,,85.38193098100038,,,74.44746025591314,,,77.74331136099264,,,80.1473439317565,,,87.70841411399768,,,55.06010081426909,,,40.558355951919346,,,50.44590926715781,,,13.84257464133385,,,86.15742535866615,,,44.51337727801473,,,70.99651027530051,,,41.41139976735168,,,57.77433113609926,,,79.1004265219077,,,83.48196975571926,,,57.46413338503296,,,58.39472663823187,,,72.50872431174874,,,50.98875533152385,,,18.224117875145403,,,84.87785963551764,,,76.07599844901124,,,33.65645599069407,,,47.84800310197751,,,63.31911593640946,,,75.72702597906165,,,63.97828615742536,,,60.87630864676231,,,58.937572702597905,,,68.3986041101202,,,84.72276075998448,,,80.7677394338891,,,90.46141915471112,,,24.66072120977123,,,16.983326870880184,,
CCN=c1nc2c(=Nc3ccc(F)c(Cl)c3)[nH]cnc2c[nH]1,318.74300000000005,,,2.2315,,,4,,,2,,,4,,,0.7593159491206767,,,0,,,82.07999999999998,,,0.4908222556114197,,true,0.7620198488235473,,,0.9112214088439942,,,0.9831429243087768,,,0.5470442861318588,,,0.19049760401248933,,,0.3056870847940445,,,0.31766948401927947,,,0.3810232311487198,,,0.6126346945762634,,,0.7930518388748169,,,0.08605585545301438,,true,0.11901126056909561,,true,0.9709359407424927,,false,0.9999595403671264,,,0.0814772441983223,,,0.04645461142063141,,,0.9781680226325988,,,0.5132026553153992,,,0.19568105563521385,,,0.26440673172473905,,,0.06376409493386745,,,0.9513637661933899,,,0.26152125298976897,,,0.7373924136161805,,false,0.6875192403793335,,false,0.2017318233847618,,,0.7068812787532807,,false,0.528295236825943,,true,0.3706403195858002,,,0.5348709642887115,,true,-4.931815364152878,,,26.32034080894355,,,12.88304267997565,,,61.127466985625254,,,-13.516249441264392,,,2.9814090466173147,,true,2.228402509881774,,,87.62487774278448,,,-3.975285820805965,,,21.15337458321712,,,46.60721209771229,,,48.933695230709574,,,46.47150058162078,,,60.85692128732067,,,63.80379992245056,,,83.28809616130283,,,22.489336952307095,,,55.253974408685536,,,81.85343156262117,,,52.268321054672356,,,76.96781698332687,,,98.72043427685149,,,85.69212873206669,,,60.06203955021326,,,82.7452500969368,,,75.9208995734781,,,82.35750290810391,,,61.962000775494374,,,90.42264443582783,,,33.26870880186119,,,55.292749127568825,,,94.84296238852268,,,90.57774331136099,,,89.2206281504459,,,70.84141139976735,,,99.72857696781698,,,97.20822024040325,,,93.4470725087243,,,86.15742535866615,,,86.9716944552152,,,80.37999224505621,,,64.44358278402481,,,94.14501744862349,,,99.37960449786739,,,92.08995734780923,,,92.74912756882512,,,96.47150058162077,,,44.048080651415276,,,65.8006979449399,,,53.043815432338114,,,39.78286157425359,,,43.58278402481582,,,89.95734780922838,,,16.828227995347035,,,77.85963551764249,,,64.67623109732455,,,69.01899961225281,,,32.41566498642885,,,98.10003877471888,,
CC(C)S(=O)(=O)c1ccccc1-c1ccc(-c2cnc(=N)[nH]c2)c(F)c1,371.437,,,3.5443700000000016,,,4,,,2,,,4,,,0.7352712369900811,,,0,,,86.66999999999999,,,0.3247428208589554,,true,0.6986381411552429,,,0.8613981604576111,,,0.6034081161022187,,,0.6363058865070343,,,0.5323875963687896,,,0.31994158327579497,,,0.3474929302930832,,,0.25072598457336426,,,0.6765603423118591,,,0.8131575107574462,,,0.5198960065841675,,true,0.4768503725528717,,true,0.8945847034454346,,false,0.9934467673301697,,,0.044313940405845645,,,0.0282115263864398,,,0.20640582591295242,,,0.4309410691261292,,,0.13799970895051955,,,0.12857345640659332,,,0.03954607434570789,,,0.7618017673492432,,,0.33754703849554063,,,0.3651830792427063,,true,0.07874732501804829,,true,0.03978462666273117,,,0.46134890913963317,,true,0.16905197724699975,,true,0.17676503509283065,,,0.7107756733894348,,false,-5.04335430452068,,,17.36590202305406,,,5.930080064224813,,,41.06374832373196,,,-10.955487330781908,,,3.250042424301715,,true,2.0254877804366016,,,90.00679835324809,,,-5.054175693071938,,,-3.553167924959162,,,58.82124854594804,,,70.41488949205117,,,46.47150058162078,,,60.85692128732067,,,63.80379992245056,,,79.91469561845676,,,22.489336952307095,,,58.47227607599845,,,68.86390073671966,,,46.37456378441256,,,62.65994571539356,,,86.15742535866615,,,88.9492051182629,,,94.53276463745638,,,83.4044203179527,,,77.54943776657619,,,76.38619620007755,,,70.0271423032183,,,91.04303993796044,,,89.8797983714618,,,87.16556804963164,,,80.65141527723924,,,45.67661884451338,,,82.93912369135323,,,56.57231485071733,,,82.04730515703761,,,95.73478092283831,,,90.96549050019387,,,65.56804963164016,,,80.72896471500582,,,50.67855758045754,,,68.08840635905389,,,75.76580069794494,,,85.6533540131834,,,70.99651027530051,,,84.17991469561845,,,83.01667312911981,,,17.332299340829778,,,73.12911981388135,,,46.18069018999612,,,30.12795657231485,,,35.59519193485847,,,82.82279953470336,,,36.87475765800698,,,87.86351298953082,,,60.48856145792943,,,73.40054284606437,,,13.60992632803412,,,13.726250484683986,,
COc1ccc(-c2cc(-c3ccc4c(c3)OCO4)[nH]c(=N)c2C#N)cc1,345.35800000000006,,,3.437150000000001,,,5,,,2,,,4,,,0.7605933918837823,,,0,,,91.12,,,0.3268560230731964,,true,0.4323731899261475,,,0.8580616354942322,,,0.962683641910553,,,0.8295729160308838,,,0.13301512151956557,,,0.6922532320022583,,,0.45260469913482665,,,0.716463279724121,,,0.6803890943527222,,,0.9736128091812134,,,0.043052912689745426,,true,0.15679365694522857,,true,0.9368336200714111,,false,0.9997915267944336,,,0.05723239853978157,,,0.0464378833770752,,,0.9117326617240906,,,0.5432434022426605,,,0.1793120250105858,,,0.15961903631687163,,,0.047777938097715376,,,0.9319826126098633,,,0.6829465985298157,,,0.557828938961029,,true,0.2919657379388809,,true,0.15839775204658507,,,0.8661312818527221,,false,0.6570567965507508,,true,0.23429624736309052,,,0.8672395944595337,,false,-5.043281626364494,,,40.218904067553424,,,8.225974218730393,,,33.01833447549935,,,-11.71998858686293,,,2.8379999742742226,,true,2.4787885598819512,,,97.1270212351805,,,-5.950884447127865,,,-0.4166987740301712,,,52.73361768127181,,,68.51492826677007,,,59.1120589375727,,,60.85692128732067,,,63.80379992245056,,,83.55951919348584,,,22.489336952307095,,,61.65180302442807,,,69.0577743311361,,,26.328034121752616,,,61.923226056611085,,,97.67351686700272,,,94.99806126405583,,,45.75416828227995,,,94.41644048080651,,,83.24932144241954,,,90.96549050019387,,,70.45366421093446,,,98.56533540131834,,,17.75882124854595,,,61.14773167894533,,,86.46762310973246,,,80.4575416828228,,,86.04110120201628,,,70.84141139976735,,,99.14695618456766,,,97.51841799146956,,,93.02055060100814,,,72.89647150058161,,,82.93912369135323,,,74.17603722373012,,,83.0554478480031,,,86.42884839084917,,,96.54905001938735,,,89.76347421481194,,,97.01434664598682,,,98.25513765025204,,,26.0566110895696,,,83.44319503683599,,,46.18069018999612,,,53.93563396665374,,,38.34819697557192,,,77.82086079875921,,,29.585110507948816,,,70.14346645986816,,,69.63939511438542,,,86.50639782861575,,,5.738658394726638,,,33.15238464521132,,
Cc1ccc(S(=O)(=O)Nn2c(O)c3c(c2O)CC=CC3)cc1,320.37000000000006,,,1.7949199999999996,,,5,,,3,,,4,,,0.7520205113702548,,,0,,,91.56,,,0.021586280688643454,,true,0.34147435426712036,,,0.8610357046127319,,,0.45434927344322207,,,0.8276317834854126,,,0.6814694881439209,,,0.8073191046714783,,,0.11539045348763466,,,0.10273426920175552,,,0.5948034882545471,,,0.5440554201602936,,,0.4891667693853378,,true,0.03549908883869648,,true,0.9701795816421509,,false,0.9996482849121093,,,0.007491407822817564,,,0.03316130116581917,,,0.05322295241057873,,,0.028593651577830316,,,0.013865608209744095,,,0.06921153366565705,,,0.014480124693363905,,,0.872522521018982,,,0.08118849117308855,,,0.14584812223911287,,true,0.00483270613476634,,true,0.023328608088195323,,,0.6641573786735535,,true,0.0270507937297225,,true,0.40000630617141725,,,0.12050674632191657,,true,-4.775081270916234,,,6.057753542790488,,,29.785076781375345,,,18.60822065478144,,,-9.96700953542055,,,2.662481519218604,,true,0.13680098605568305,,,105.41103175805748,,,-3.3072052981893365,,,0.4881136145078745,,,47.111283443195035,,,42.76851492826677,,,59.1120589375727,,,77.25862737495153,,,63.80379992245056,,,82.3962776269872,,,22.489336952307095,,,61.845676618844514,,,8.56921287320667,,,20.511826289259403,,,62.582396277626984,,,81.93098100038775,,,94.92051182628926,,,98.64288483908491,,,96.82047305157037,,,52.57851880573865,,,62.427297402093835,,,60.29468786351299,,,81.69833268708801,,,87.97983714618069,,,29.778984102365257,,,94.7654129507561,,,75.8821248545948,,,40.79100426521907,,,61.845676618844514,,,62.00077549437766,,,52.15199689802249,,,43.69910818146568,,,38.89104303993796,,,66.7312911981388,,,62.23342380767739,,,48.70104691740985,,,53.12136487010469,,,45.17254749903063,,,60.2559131446297,,,91.74098487785963,,,54.090732842186895,,,47.576580069794495,,,32.76463745637844,,,63.125242341993015,,,19.697557192710352,,,61.806901899961225,,,65.60682435052345,,,46.64598681659558,,,59.364094610314076,,,28.964715005816206,,,97.24699495928654,,,44.746025591314464,,,40.82977898410236,,
CC(C)N=c1cc(-c2ccc(O)cc2)nc(-c2ccccc2F)[nH]1,323.371,,,3.8975000000000026,,,3,,,2,,,4,,,0.7677673733195545,,,0,,,61.27,,,0.7145281195640564,,false,0.44688254594802856,,,0.8501648545265198,,,0.9732047557830811,,,0.771308982372284,,,0.39332005083560945,,,0.5226442813873291,,,0.4196911036968231,,,0.4092744529247284,,,0.6333552718162536,,,0.6499919295310974,,,0.24465655982494355,,true,0.05172694250941277,,true,0.8058440566062928,,false,0.9999552011489868,,,0.016014871280640365,,,0.0497121911495924,,,0.9138337969779968,,,0.3744532108306885,,,0.5146083474159241,,,0.6707370758056641,,,0.06508742794394493,,,0.9014391660690307,,,0.3376947373151779,,,0.7238969922065734,,false,0.6736402451992035,,false,0.23523829281330108,,,0.9138642430305481,,false,0.3857016146183014,,true,0.3293405145406723,,,0.7770913720130921,,false,-4.841637266111809,,,62.56544917482127,,,41.320072867487625,,,-38.33247379760263,,,-10.203528245705469,,,2.416247336364679,,true,3.333909623923958,,,100.89865368319143,,,-4.451624258504561,,,-6.169096260984459,,,47.46025591314463,,,75.84335013571152,,,31.17487398216363,,,60.85692128732067,,,63.80379992245056,,,84.25746413338503,,,22.489336952307095,,,39.433889104303994,,,92.55525397440869,,,27.374951531601397,,,60.682435052345866,,,98.17758821248546,,,93.4858472276076,,,86.89414501744862,,,90.81039162466072,,,81.7371074059713,,,83.28809616130283,,,64.63745637844126,,,85.07173322993408,,,65.4517254749903,,,37.14618069018999,,,72.08220240403257,,,89.76347421481194,,,60.682435052345866,,,73.01279565723148,,,99.14695618456766,,,93.75727025979062,,,97.4020938348197,,,96.70414889492051,,,87.16556804963164,,,67.15781310585498,,,68.12718107793718,,,93.71849554090733,,,99.37960449786739,,,93.1756494765413,,,98.21636293136875,,,93.1756494765413,,,38.65839472663823,,,76.851492826677,,,58.355951919348584,,,72.23730127956573,,,71.92710352849942,,,1.6285381930981,,,44.280728964715,,,42.80728964715006,,,87.24311748739821,,,92.20628150445908,,,23.264831329972857,,,5.69988367584335,,
Cn1c(-c2ccccn2)c(C2CCCC2)c2ccc(C(=O)NCCO)cc21,363.46100000000007,,,3.620000000000002,,,4,,,2,,,4,,,0.727484125237301,,,0,,,67.15,,,0.49537636041641236,,true,0.8530557751655579,,,0.8534191250801086,,,0.7266812205314637,,,0.5347163259983063,,,0.5654974579811096,,,0.4470431387424469,,,0.3983961224555969,,,0.11159616857767105,,,0.677882730960846,,,0.6173728346824646,,,0.22481092140078546,,true,0.38931546807289125,,true,0.5632848262786865,,true,0.9997422218322753,,,0.047416625916957854,,,0.04307865016162395,,,0.43186308443546295,,,0.252883705496788,,,0.05171804800629616,,,0.22233754992485047,,,0.059057312458753584,,,0.9284398555755615,,,0.7859307289123535,,,0.4474755167961121,,true,0.1525711238384247,,true,0.285999059677124,,,0.5674655318260193,,true,0.17035262882709504,,true,0.3062771111726761,,,0.6283511281013489,,false,-4.693213264899774,,,20.269846623277243,,,33.8436823136678,,,64.06763283921308,,,-11.224525069260242,,,3.0350044498750615,,true,3.3962683394281408,,,94.83686973877384,,,-3.8845215948961673,,,1.8112113079724559,,,56.92128732066692,,,71.57813105854983,,,46.47150058162078,,,60.85692128732067,,,63.80379992245056,,,78.55758045754168,,,22.489336952307095,,,44.59092671578131,,,82.27995347033733,,,61.72935246219465,,,61.26405583559519,,,90.07367196587825,,,85.07173322993408,,,95.81233036060489,,,88.75533152384645,,,80.30244280728965,,,63.97828615742536,,,70.33734005428461,,,84.17991469561845,,,62.65994571539356,,,82.47382706475378,,,57.34780922838309,,,78.1698332687088,,,83.94726638231873,,,69.56184567661884,,,91.39201240791004,,,88.79410624272974,,,77.58821248545948,,,82.62892594028693,,,85.92477704536643,,,73.16789453276463,,,87.70841411399768,,,80.65141527723924,,,91.77975959674292,,,94.37766576192323,,,87.90228770841411,,,83.13299728576968,,,35.866614967041485,,,69.40674680108569,,,67.85575804575417,,,33.03606048856146,,,65.06397828615742,,,90.73284218689415,,,34.044203179526946,,,80.57386583947266,,,88.290034897247,,,82.35750290810391,,,33.96665374176037,,,52.384645211322216,,
O=C(NNC(=O)C1COc2ccccc2O1)Nc1ccc(Cl)cc1,347.75800000000004,,,2.332699999999999,,,4,,,3,,,4,,,0.7274074910060023,,,1,,,88.69000000000001,,,0.6032686412334443,,false,0.9378051161766052,,,0.9813562989234924,,,0.3195041298866272,,,0.649663633108139,,,0.6051163077354431,,,0.3096347600221634,,,0.10479313880205154,,,0.1339758850634098,,,0.5295408964157104,,,0.1640785627067089,,,0.7096459627151489,,false,0.354709729552269,,true,0.981366229057312,,false,0.998359227180481,,,0.00555822498863563,,,0.058746949583292005,,,0.5188169777393341,,,0.029353591054677962,,,0.00574697139672935,,,0.20093220919370652,,,0.018698983639478684,,,0.8781164407730102,,,0.10644892863929271,,,0.4314339399337769,,true,0.046937942132353784,,true,0.02055546510964632,,,0.20870845913887023,,true,0.0775368794798851,,true,0.4201970875263214,,,0.3317016065120697,,true,-4.85699222092471,,,41.4723029367241,,,13.457138028127975,,,11.320288943606457,,,-11.673315986779077,,,2.428674740476757,,true,2.3977985163602633,,,96.11895507198199,,,-4.679921242236279,,,-7.438714945115106,,,53.005040713454825,,,50.17448623497479,,,46.47150058162078,,,77.25862737495153,,,63.80379992245056,,,78.55758045754168,,,54.80806514152772,,,59.71306708026367,,,88.05738658394726,,,73.82706475378053,,,98.41023652578518,,,77.08414113997674,,,89.2594028693292,,,96.85924777045366,,,82.93912369135323,,,50.019387359441644,,,67.31291198138814,,,54.129507561070184,,,63.20279177975959,,,96.00620395502132,,,79.95347033734005,,,97.67351686700272,,,60.566110895696006,,,34.121752617293524,,,77.35556417215975,,,93.1756494765413,,,52.61729352462194,,,24.23419930205506,,,79.99224505622334,,,70.22101589763474,,,63.43544009305933,,,52.384645211322216,,,79.87592089957347,,,79.7595967429236,,,57.696781698332686,,,73.40054284606437,,,72.12097712291586,,,49.980612640558356,,,53.39278790228771,,,57.6580069794494,,,54.94377665761923,,,44.280728964715,,,56.22334238076774,,,29.9728576967817,,,43.35013571151609,,,67.85575804575417,,,84.72276075998448,,,18.844513377278012,,,3.5284994183792167,,
O=C(c1ccc(O)cc1O)N(Cc1ccccc1)Cc1ccc(F)cc1,351.37700000000007,,,4.079500000000002,,,3,,,2,,,4,,,0.7280893982904462,,,0,,,60.77,,,0.20754313468933105,,true,0.503784465789795,,,0.6737749457359314,,,0.7808876693248749,,,0.8806180834770203,,,0.5289537519216537,,,0.9027731657028198,,,0.23193415105342866,,,0.6409384727478027,,,0.5982378005981446,,,0.70184685587883,,,0.37894696891307833,,true,0.020530582591891288,,true,0.46157169342041016,,true,0.9998026967048645,,,0.0027935079298913477,,,0.00685191759839654,,,0.06699443981051445,,,0.1698384925723076,,,0.17064999639987946,,,0.5332198202610016,,,0.0399986807256937,,,0.7933616995811462,,,0.30093545019626616,,,0.31590750217437746,,true,0.007105739880353212,,true,0.12601934522390365,,,0.8853378891944885,,false,0.05528777576982975,,true,0.6127284646034241,,,0.9023535132408143,,false,-4.851254234830564,,,118.06753607621818,,,65.1299245696305,,,-22.148481808522426,,,-8.580553660061598,,,2.2364880742215747,,true,4.059842246398719,,,98.74908615753381,,,-4.28250970391841,,,-4.470499905827383,,,53.70298565335401,,,78.32493214424196,,,31.17487398216363,,,60.85692128732067,,,63.80379992245056,,,78.67390461419154,,,22.489336952307095,,,39.356339666537416,,,53.005040713454825,,,30.78712679333075,,,32.60953858084529,,,91.81853431562621,,,96.31640170608763,,,94.41644048080651,,,98.33268708801862,,,69.29042264443582,,,89.2206281504459,,,60.682435052345866,,,87.39821636293136,,,80.65141527723924,,,19.232260566110895,,,51.841799146956184,,,80.92283830942226,,,21.752617293524622,,,17.913920124079098,,,65.52927491275688,,,82.31872818922062,,,92.59402869329197,,,95.19193485847228,,,80.92283830942226,,,53.470337340054286,,,66.61496704148895,,,72.58627374951531,,,50.52345870492439,,,87.32066692516479,,,97.4020938348197,,,66.57619232260566,,,67.58433501357115,,,87.32066692516479,,,57.85188057386584,,,94.99806126405583,,,85.0329585110508,,,6.940674680108569,,,60.566110895696006,,,31.834044203179527,,,95.81233036060489,,,88.9492051182629,,,26.328034121752616,,,10.236525785188057,,
COC(=O)c1sc(Cl)cc1OCC(O)CNC(C)C,307.79900000000004,,,1.9257999999999997,,,6,,,2,,,4,,,0.7534288834652145,,,1,,,67.79,,,0.027799477241933344,,true,0.6808632135391235,,,0.8333346366882324,,,0.9021810412406921,,,0.4196201652288437,,,0.16058683544397354,,,0.029876815527677535,,,0.5379801332950592,,,0.7999781250953675,,,0.3200639933347702,,,0.06615010648965836,,,0.07790481969714165,,true,0.13414403647184373,,true,0.3390596345067024,,true,0.9998106718063354,,,0.012266005494166166,,,0.015340927336364985,,,0.025539186457172035,,,0.005227520316839218,,,0.010920643527060746,,,0.04585997648537159,,,0.005418936323258095,,,0.9549893140792847,,,0.11303461343050003,,,0.01695337670389563,,true,0.003261210321215913,,true,0.007663064869120717,,,0.005624836636707186,,true,0.002787662931950763,,true,0.3549202471971512,,,0.26085295975208284,,true,-4.761947922488968,,,74.0721713708744,,,35.11098322321568,,,42.412504036346135,,,-11.913525691590566,,,2.906071247066435,,true,0.9260429492377369,,,59.971557638906845,,,-2.3515214743613817,,,25.696942553319595,,,42.96238852268321,,,44.59092671578131,,,69.5036835982939,,,60.85692128732067,,,63.80379992245056,,,82.62892594028693,,,54.80806514152772,,,44.92051182628926,,,11.167119038386971,,,45.05622334238077,,,57.153935633966654,,,95.26948429623884,,,79.95347033734005,,,53.12136487010469,,,46.956184567661886,,,88.13493602171384,,,93.33074835207445,,,33.77278014734393,,,50.29081039162466,,,30.244280728964714,,,57.58045754168282,,,42.923613803799924,,,81.34936021713843,,,53.81930981000387,,,36.68088406359054,,,50.94998061264056,,,31.291198138813492,,,37.88290034897247,,,23.61380379992245,,,51.49282667700659,,,81.65955796820472,,,53.16013958898798,,,14.928266770065918,,,38.89104303993796,,,39.27879022877084,,,27.762698720434276,,,21.868941450174486,,,42.22566886390074,,,47.96432725862737,,,63.86196200077549,,,79.52694842962389,,,66.34354400930593,,,83.83094222566886,,,28.421868941450175,,,74.09848778596356,,,40.82977898410236,,,31.640170608763086,,,63.125242341993015,,,98.79798371461807,,
COc1ccc(CC(N)c2c[nH]c(=Nc3ccc(OC)cc3)o2)cc1,339.3950000000001,,,3.099800000000002,,,5,,,2,,,4,,,0.7224249202639745,,,1,,,85.77,,,0.38522217869758607,,true,0.5613220930099487,,,0.9406195878982544,,,0.9139622926712037,,,0.9501156568527221,,,0.2931342661380768,,,0.7665765166282654,,,0.5513591885566711,,,0.5410941898822784,,,0.7065426707267761,,,0.9576512455940247,,,0.25297383964061737,,true,0.1723615124821663,,true,0.7699230790138245,,false,0.9998806953430176,,,0.002190306218108162,,,0.015398520603775978,,,0.7604558587074279,,,0.34216984212398527,,,0.06571895070374012,,,0.2086491510272026,,,0.01565573513507843,,,0.9315091490745544,,,0.22673182040452958,,,0.2463666319847107,,true,0.1286334678530693,,true,0.09023857563734054,,,0.5656382799148559,,true,0.05788497552275658,,true,0.2787237673997879,,,0.8672574043273926,,false,-4.89529685139227,,,48.882109265943015,,,-6.615641336917312,,,-33.018916848312294,,,-10.997254284380395,,,2.0424338060587703,,true,2.529347245859122,,,91.93180874067058,,,-4.477561650687865,,,2.558788288193223,,,51.337727801473434,,,63.164017060876304,,,59.1120589375727,,,60.85692128732067,,,63.80379992245056,,,77.93718495540907,,,54.80806514152772,,,57.89065529274912,,,74.87398216362931,,,34.548274525009695,,,86.81659557968204,,,95.7735556417216,,,98.10003877471888,,,77.23924001550989,,,95.96742923613803,,,88.48390849166343,,,86.93291973633191,,,73.9433889104304,,,97.75106630476928,,,66.4598681659558,,,62.93136874757658,,,69.13532376890268,,,84.21868941450174,,,17.68127181077937,,,36.71965878247383,,,97.4020938348197,,,92.20628150445908,,,82.20240403257077,,,81.00038774718882,,,67.66188445133773,,,74.02093834819698,,,62.89259402869329,,,66.22721985265606,,,90.77161690577744,,,83.59829391236913,,,87.82473827064753,,,67.0802636680884,,,32.45443970531213,,,83.44319503683599,,,55.331523846452114,,,61.302830554478476,,,19.775106630476927,,,2.5979061651803024,,,36.331911593640946,,,21.675067855758044,,,70.91896083753393,,,77.2004652966266,,,22.877084141139974,,,57.89065529274912,,
COc1ccccc1-c1nc(C(=O)Nc2ccccc2N2CCCC2)c[nH]1,362.43300000000016,,,3.937800000000002,,,4,,,2,,,4,,,0.7212441384877253,,,0,,,70.25,,,0.7201785087585449,,false,0.8385610699653625,,,0.8912607073783875,,,0.9491132736206055,,,0.9563533782958984,,,0.5009686946868896,,,0.8718030333518982,,,0.39186846017837523,,,0.3449678301811218,,,0.7130367636680603,,,0.9085442423820496,,,0.1516453929245472,,true,0.2788574546575546,,true,0.9515146970748901,,false,0.9999594211578369,,,0.004826815851265565,,,0.01667627487331629,,,0.9264031052589417,,,0.48416622877120974,,,0.0237046567723155,,,0.18188768327236177,,,0.0587893508374691,,,0.9739375948905945,,,0.8643707156181335,,,0.8035195231437683,,false,0.3283814162015915,,true,0.2594739407300949,,,0.7932938933372498,,false,0.4165509223937988,,true,0.42191216349601746,,,0.9534885168075562,,false,-4.829591806601288,,,65.58648469009,,,50.08580008562435,,,-24.550557574973066,,,-12.138602586274896,,,2.2168133504068517,,true,3.8684792591073767,,,104.64514667318652,,,-5.988314869673795,,,-1.7544525398335533,,,56.72741372625048,,,76.580069794494,,,46.47150058162078,,,60.85692128732067,,,63.80379992245056,,,77.74331136099264,,,22.489336952307095,,,46.529662659945714,,,92.67157813105855,,,59.984490112446686,,,70.64753780535091,,,97.01434664598682,,,98.37146180690189,,,93.33074835207445,,,97.71229158588599,,,79.7595967429236,,,80.96161302830555,,,75.06785575804575,,,95.30825901512213,,,49.28266770065917,,,74.79643272586273,,,89.41450174486235,,,90.57774331136099,,,31.213648701046917,,,39.433889104303994,,,99.26328034121752,,,96.7429236138038,,,58.00697944939899,,,77.2004652966266,,,85.84722760759985,,,89.72469949592865,,,91.12058937572702,,,96.04497867390461,,,97.13067080263667,,,93.75727025979062,,,95.15316013958899,,,93.95114385420706,,,50.135711516091504,,,93.8348196975572,,,59.17022101589763,,,73.90461419154711,,,77.58821248545948,,,5.69988367584335,,,26.832105467235362,,,31.019775106630476,,,94.22256688639007,,,96.62659945715393,,,5.544784800310198,,,23.18728189220628,,
COc1ccc(CCNC(=O)CNC(=O)CC(C)C)cc1OC,322.4050000000001,,,1.5247999999999993,,,4,,,2,,,4,,,0.7226502228485419,,,0,,,76.66000000000001,,,0.18581995517015457,,true,0.8618729829788208,,,0.9186408162117005,,,0.10433296598494053,,,0.43758047223091123,,,0.17458714097738265,,,0.03781161531805992,,,0.3257299572229385,,,0.014309517666697502,,,0.8041003346443176,,,0.40165881216526034,,,0.24553536474704743,,true,0.021850944869220255,,true,0.20518674850463867,,true,0.9978390216827393,,,0.0057346134446561335,,,0.012218882422894239,,,0.06665615104138851,,,0.006086878944188356,,,0.011288742860779166,,,0.07344993650913238,,,0.0029319588793441653,,,0.9419522523880005,,,0.021022590110078454,,,0.08095580935478211,,true,0.008718386408872902,,true,0.0058255466166883705,,,0.002491962380008772,,true,0.0035897498717531564,,true,0.33933690190315247,,,0.20937562733888626,,true,-4.607577019134123,,,71.45905466971698,,,55.48369621671617,,,-26.623488449927287,,,-9.540612720351788,,,2.1811761228257827,,true,1.7453490989094536,,,67.286407712135,,,-1.923958075937323,,,-6.75551799174219,,,47.34393175649476,,,38.813493602171384,,,46.47150058162078,,,60.85692128732067,,,63.80379992245056,,,77.93718495540907,,,22.489336952307095,,,51.143854207057,,,49.67041488949205,,,62.69872043427685,,,79.60449786739046,,,60.682435052345866,,,81.15548662272198,,,56.494765412950755,,,50.05816207832493,,,76.26987204342768,,,30.12795657231485,,,88.290034897247,,,76.42497091896084,,,65.49050019387359,,,20.240403257076387,,,33.34625823962776,,,57.3090345094998,,,34.858472276076,,,29.89530825901512,,,65.52927491275688,,,32.68708801861187,,,38.69716944552152,,,41.41139976735168,,,41.29507561070182,,,77.08414113997674,,,32.221791392012406,,,39.12369135323769,,,53.625436215587435,,,33.38503295851105,,,20.16285381930981,,,24.428072896471498,,,39.78286157425359,,,43.3113609926328,,,73.40054284606437,,,77.97595967429235,,,80.88406359053897,,,4.614191547111283,,,50.94998061264056,,,28.809616130283054,,,55.331523846452114,,,40.0542846064366,,,70.49243892981775,,,4.614191547111283,,
O=C(O)CCNC(=O)c1cccc(-c2nc3ccccc3o2)c1,310.3090000000001,,,2.699300000000001,,,4,,,2,,,4,,,0.7555781604385702,,,0,,,92.43,,,0.10784429460763931,,true,0.7051899909973145,,,0.9213918566703796,,,0.2362164303660393,,,0.05074867084622383,,,0.5650515258312225,,,0.0401456531137228,,,0.04345404952764511,,,0.0340810677036643,,,0.22130968272686005,,,0.02321862066164613,,,0.18861902207136155,,true,0.4079981863498688,,true,0.9740353107452393,,false,0.9894808173179627,,,0.036099601164460184,,,0.10648546069860458,,,0.25556665658950806,,,0.03238099757581949,,,0.033699563890695575,,,0.17918922305107116,,,0.13193400651216508,,,0.4483940899372101,,,0.023242571856826544,,,0.2798770397901535,,true,0.0797118030488491,,true,0.020976693648844958,,,0.018974120542407037,,true,0.06287417095154524,,true,0.26472612619400027,,,0.05408254712820053,,true,-5.068772743736855,,,29.01819520007394,,,19.212227023140493,,,-5.058879721530495,,,-13.532589204708753,,,1.8535225552343326,,true,-0.18097010309733932,,,95.1830257020143,,,-3.2369284623028336,,,1.8341614242018225,,,43.77665761923226,,,57.153935633966654,,,46.47150058162078,,,60.85692128732067,,,63.80379992245056,,,82.78402481582009,,,22.489336952307095,,,62.427297402093835,,,35.284994183792165,,,46.72353625436215,,,80.53509112058937,,,72.35362543621558,,,38.27064753780535,,,95.7735556417216,,,50.98875533152385,,,30.670802636680882,,,44.55215199689802,,,25.785188057386584,,,39.62776269872043,,,56.68863900736719,,,83.714618069019,,,95.81233036060489,,,41.45017448623497,,,79.25552539744086,,,87.01046917409849,,,85.11050794881737,,,54.207056998836755,,,67.62310973245444,,,76.69639395114385,,,93.09810003877472,,,31.562621170996508,,,33.26870880186119,,,69.63939511438542,,,85.88600232648314,,,58.20085304381543,,,40.94610314075223,,,68.51492826677007,,,30.593253198914308,,,22.683210546723537,,,44.55215199689802,,,42.96238852268321,,,51.803024428072895,,,27.607599844901124,,,16.750678557580457,,,14.113997673516867,,,23.264831329972857,,,83.0554478480031,,,45.75416828227995,,,52.61729352462194,,